INSERT INTO projects (id, title, category, funding_goal, start_date, end_date) VALUES ("Dog Adoption", "Animals", 500, "3-1-19", "3-15-2019");
INSERT INTO projects (id, title, category, funding_goal, start_date, end_date) VALUES ("Mental Health Awareness", "Health", 600, "3-16-19", "3-20-19");
INSERT INTO projects (id, title, category, funding_goal, start_date, end_date) VALUES ("Food Drive", "Community", 700, "3-1-19", "3-15-19");
INSERT INTO projects (id, title, category, funding_goal, start_date, end_date) VALUES ("Ocean Cleanup", "Environment",5000, "4-1-19","4-15-19");
INSERT INTO projects (id, title, category, funding_goal, start_date, end_date) VALUES ("Climate Change", "Eco", 50000, "6-1-19", "6-15-19");
INSERT INTO projects (id, title, category, funding_goal, start_date, end_date) VALUES ("Autism Awareness", "Mental Health",600, "7-1-19", "8-15-19");
INSERT INTO projects (id, title, category, funding_goal, start_date, end_date) VALUES ("Breast Cancer Awareness", "Health", 600000, "8-8-19", "8-9-19");
INSERT INTO projects (id, title, category, funding_goal, start_date, end_date) VALUES ("Toy Drive", "Children", 700, "3-3-19", "3-16-19");
INSERT INTO projects (id, title, category, funding_goal, start_date, end_date) VALUES ("Cat Adoption", "Pets", 650, "3-2-19", "3-17-19");
INSERT INTO projects (id, title, category, funding_goal, start_date, end_date) VALUES ("Meals on Wheels", "Homeless", 800, "6-5-19", "6-6-19");

INSERT INTO users (id, name, age) VALUES (1, 'Finnebar', 17), 
INSERT INTO users (id, name, age) VALUES (2, 'Bear', 6), 
INSERT INTO users (id, name, age) VALUES INSERT INTO users (id, name, age) VALUES (3, 'Iguana', 4), 
INSERT INTO users (id, name, age) VALUES (4, 'Alex', 33),
INSERT INTO users (id, name, age) VALUES (5, 'Amanda', 24), 
(6, 'Sophie', 24), 
(7, 'Rosey', 9), 
(8, 'Victoria', 23), 
(9, 'Franz', 100), 
(10, 'Hermione', 30),
(11, 'Voldemort', 90), 
(12, 'Marisa', 24), 
(13, 'Swizzle', 4), 
(14, 'Sirius', 36), 
(15, 'Albus', 113), 
(16, 'Squid', 5),
(17, 'Whale', 6), 
(18, 'Pacha', 5), 
(19, 'Ena', 24), 
(20, 'Katie', 24);

INSERT INTO pledges (amount, user_id, project_id) VALUES (65, 1, 2);
INSERT INTO pledges (amount, user_id, project_id) VALUES (30, 1, 6);
INSERT INTO pledges (amount, user_id, project_id) VALUES (35, 1, 9);
INSERT INTO pledges (amount, user_id, project_id) VALUES (200, 2, 7);
INSERT INTO pledges (amount, user_id, project_id) VALUES (20, 4, 4);
INSERT INTO pledges (amount, user_id, project_id) VALUES (600, 6, 8);
INSERT INTO pledges (amount, user_id, project_id) VALUES (50, 3, 1);
INSERT INTO pledges (amount, user_id, project_id) VALUES (70, 3, 2);
INSERT INTO pledges (amount, user_id, project_id) VALUES (20, 6, 3);
INSERT INTO pledges (amount, user_id, project_id) VALUES (35, 5, 4);
INSERT INTO pledges (amount, user_id, project_id) VALUES (400, 5, 3);
INSERT INTO pledges (amount, user_id, project_id) VALUES (100, 6, 3);
INSERT INTO pledges (amount, user_id, project_id) VALUES (100, 6, 10);
INSERT INTO pledges (amount, user_id, project_id) VALUES (100, 6, 5);
INSERT INTO pledges (amount, user_id, project_id) VALUES (25, 7, 6);
INSERT INTO pledges (amount, user_id, project_id) VALUES (30, 7, 4);
INSERT INTO pledges (amount, user_id, project_id) VALUES (100, 8, 9);
INSERT INTO pledges (amount, user_id, project_id) VALUES (25, 8, 2);
INSERT INTO pledges (amount, user_id, project_id) VALUES (35, 9, 9);
INSERT INTO pledges (amount, user_id, project_id) VALUES (75, 10, 10);
INSERT INTO pledges (amount, user_id, project_id) VALUES (400, 11, 1);
INSERT INTO pledges (amount, user_id, project_id) VALUES (25, 12, 1);
INSERT INTO pledges (amount, user_id, project_id) VALUES (50, 13, 10);
INSERT INTO pledges (amount, user_id, project_id) VALUES (10, 14, 4);
INSERT INTO pledges (amount, user_id, project_id) VALUES (40, 15, 3);
INSERT INTO pledges (amount, user_id, project_id) VALUES (20, 16, 6);
INSERT INTO pledges (amount, user_id, project_id) VALUES (15, 17, 9);
INSERT INTO pledges (amount, user_id, project_id) VALUES (75, 18, 5);
INSERT INTO pledges (amount, user_id, project_id) VALUES (5, 19, 4);
INSERT INTO pledges (amount, user_id, project_id) VALUES (500, 20, 2);
